{
    "C_home" : [[2.212206  , 2.32863233, 1.10714993, 0.41223383, 0.61505091,
        1.30594616, 1.92605811],
       [1.88606575, 3.05838851, 2.10927593, 0.56924705, 0.24528609,
        0.84576711, 1.83438755],
       [0.95242706, 2.18714885, 2.86510276, 1.53504528, 0.21193291,
        0.32236692, 1.12332703],
       [0.49668278, 0.72489287, 1.8254372 , 2.26823799, 1.1722586 ,
        0.37527746, 0.43086817],
       [1.03500947, 0.49014088, 0.53519629, 1.35225267, 1.79523998,
        1.15048728, 0.35176579],
       [1.57884259, 1.07871045, 0.45125648, 0.31338826, 0.91968128,
        1.60044917, 1.02653712],
       [1.87164187, 2.0072245 , 1.10582214, 0.3423476 , 0.16781804,
        0.82680305, 1.46909307]],

    "C_all" : [[ 7.23049711,  5.94101446,  1.59869491,  0.93285122,  1.49261056,
         2.51924746,  3.19856793],
       [ 7.04223555, 11.29903892,  6.28310605,  1.26953767,  0.94512953,
         1.89432396,  2.88725553],
       [ 2.99896706,  9.3255216 , 15.51120093, 10.15643329,  2.37468365,
         1.7627684 ,  2.7184077 ],
       [ 1.24066571,  3.29318958, 12.44685953, 13.64607232,  5.67588991,
         3.2260476 ,  3.36560651],
       [ 1.86643654,  1.1171014 ,  3.19549142,  6.93831343,  7.85559957,
         6.07080046,  4.42344351],
       [ 2.52546655,  1.7621064 ,  1.68586626,  3.81790713,  6.25376247,
         7.02841905,  6.07727918],
       [ 2.86131413,  3.00629689,  2.19094697,  2.6123089 ,  3.67161287,
         5.05607943,  6.50344447]]
}
