{
    "C_home" : [[7.13688574, 3.87636896, 2.11021138, 0.05794523],
       [4.54766977, 3.78391689, 1.22375487, 0.09910202],
       [4.20944198, 1.85510492, 2.52954959, 0.19051951],
       [0.97277325, 0.57560512, 1.1850027 , 2.02661727]],

    "C_all" : [[27.33935999,  9.78426984,  6.35972117,  0.73360194],
       [10.11418906, 22.45410041, 12.06066818,  1.18802649],
       [ 7.35955013, 15.22574813, 16.91704522,  2.18681726],
       [ 2.28979004,  5.28039357,  7.14575938,  5.93229022]]
}
